image,hex
009772eae39ebe99.jpg,#e5dad1
009772eae39ebe99.jpg,#25242f
009772eae39ebe99.jpg,#855e40
009772eae39ebe99.jpg,#9f9992
009772eae39ebe99.jpg,#b66654
009772eae39ebe99.jpg,#898c9c
03f12c8f96cd2f54.jpg,#ebeae9
03f12c8f96cd2f54.jpg,#292737
03f12c8f96cd2f54.jpg,#8d6141
03f12c8f96cd2f54.jpg,#b3835f
03f12c8f96cd2f54.jpg,#cc9e7c
03f12c8f96cd2f54.jpg,#96908a
0722498827913bdc.jpg,#ebebeb
0722498827913bdc.jpg,#1e1f32
0722498827913bdc.jpg,#8f8a91
0722498827913bdc.jpg,#766871
0722498827913bdc.jpg,#787474
0722498827913bdc.jpg,#6c747c
0a800154ff948cd0.jpg,#e7d9cc
0a800154ff948cd0.jpg,#2b252b
0a800154ff948cd0.jpg,#835a39
0a800154ff948cd0.jpg,#ba895f
0a800154ff948cd0.jpg,#9c8d7e
0a800154ff948cd0.jpg,#646c70
0ba7113320d7a45a.jpg,#ebe9e8
0ba7113320d7a45a.jpg,#252737
0ba7113320d7a45a.jpg,#875d3e
0ba7113320d7a45a.jpg,#b3845e
0ba7113320d7a45a.jpg,#908c8f
0ba7113320d7a45a.jpg,#6b748a
0cf92de08523e886.jpg,#1f2035
0cf92de08523e886.jpg,#ebebeb
0cf92de08523e886.jpg,#8f8f97
0cf92de08523e886.jpg,#75757c
0cf92de08523e886.jpg,#746c77
0cf92de08523e886.jpg,#6c7474
10684ba861ca96e4.jpg,#28293a
10684ba861ca96e4.jpg,#ebeaea
10684ba861ca96e4.jpg,#875e3f
10684ba861ca96e4.jpg,#b1835d
10684ba861ca96e4.jpg,#92908e
10684ba861ca96e4.jpg,#c89d80
1575e19000c90ef7.jpg,#ebebeb
1575e19000c90ef7.jpg,#1e2438
1575e19000c90ef7.jpg,#91929d
1575e19000c90ef7.jpg,#747482
1575e19000c90ef7.jpg,#777c84
1575e19000c90ef7.jpg,#6c7484
1d46e6e8eb6287ef.png,#b7bac0
1d46e6e8eb6287ef.png,#2a404b
1d46e6e8eb6287ef.png,#70828f
1d46e6e8eb6287ef.png,#6c4d49
1d46e6e8eb6287ef.png,#876356
1d46e6e8eb6287ef.png,#a37b6c
2183e20734be94d1.jpg,#c3c6cb
2183e20734be94d1.jpg,#2c455a
2183e20734be94d1.jpg,#7d93aa
2183e20734be94d1.jpg,#77524e
2183e20734be94d1.jpg,#ab8174
2183e20734be94d1.jpg,#8d675a
22f62b0a139ba566.jpg,#ebebeb
22f62b0a139ba566.jpg,#0f0f0f
22f62b0a139ba566.jpg,#747474
22f62b0a139ba566.jpg,#6c6c6c
22f62b0a139ba566.jpg,#949494
22f62b0a139ba566.jpg,#7c7c7c
23bd050136f4734c.jpg,#ebebeb
23bd050136f4734c.jpg,#121013
23bd050136f4734c.jpg,#8e8e8f
23bd050136f4734c.jpg,#6c6c6d
23bd050136f4734c.jpg,#747474
23bd050136f4734c.jpg,#746c70
247d76c9089c29fb.jpg,#e7dbcf
247d76c9089c29fb.jpg,#251a15
247d76c9089c29fb.jpg,#845937
247d76c9089c29fb.jpg,#b9875c
247d76c9089c29fb.jpg,#998f82
247d76c9089c29fb.jpg,#646461
26a7fb43676f6c60.jpg,#d5d3d1
26a7fb43676f6c60.jpg,#28373f
26a7fb43676f6c60.jpg,#87949a
26a7fb43676f6c60.jpg,#90735f
26a7fb43676f6c60.jpg,#7d5c50
26a7fb43676f6c60.jpg,#ad8978
27ad275fd8d3d04f.jpg,#ebebeb
27ad275fd8d3d04f.jpg,#1f2033
27ad275fd8d3d04f.jpg,#8e8991
27ad275fd8d3d04f.jpg,#756a72
27ad275fd8d3d04f.jpg,#6c6c72
27ad275fd8d3d04f.jpg,#7a7474
27b6106774b5e4ac.jpg,#ebebeb
27b6106774b5e4ac.jpg,#1f2439
27b6106774b5e4ac.jpg,#8c8c96
27b6106774b5e4ac.jpg,#6c7478
27b6106774b5e4ac.jpg,#746c7a
27b6106774b5e4ac.jpg,#747474
2baab91d76f2bf11.jpg,#2a2834
2baab91d76f2bf11.jpg,#eae7e4
2baab91d76f2bf11.jpg,#b5875e
2baab91d76f2bf11.jpg,#8a603e
2baab91d76f2bf11.jpg,#cea079
2baab91d76f2bf11.jpg,#989186
2f297d4cfde969bf.jpg,#2a2a3d
2f297d4cfde969bf.jpg,#eaeae9
2f297d4cfde969bf.jpg,#8e603e
2f297d4cfde969bf.jpg,#b6835c
2f297d4cfde969bf.jpg,#ce9e7a
2f297d4cfde969bf.jpg,#96928b
2f9b5940f559ec6f.jpg,#e8e6e4
2f9b5940f559ec6f.jpg,#453020
2f9b5940f559ec6f.jpg,#8a5f3d
2f9b5940f559ec6f.jpg,#b5875f
2f9b5940f559ec6f.jpg,#9c968b
2f9b5940f559ec6f.jpg,#bda189
303185f9e8b50e79.jpg,#ebeae9
303185f9e8b50e79.jpg,#313141
303185f9e8b50e79.jpg,#865e3e
303185f9e8b50e79.jpg,#b2855c
303185f9e8b50e79.jpg,#96928d
303185f9e8b50e79.jpg,#caa07d
3122064362a7a8e9.jpg,#0d2335
3122064362a7a8e9.jpg,#d7d4d2
3122064362a7a8e9.jpg,#898e8f
3122064362a7a8e9.jpg,#7d5b56
3122064362a7a8e9.jpg,#937160
3122064362a7a8e9.jpg,#b38c7a
3274b0cdba99d19c.jpg,#eae6e3
3274b0cdba99d19c.jpg,#201918
3274b0cdba99d19c.jpg,#885e3d
3274b0cdba99d19c.jpg,#b6865e
3274b0cdba99d19c.jpg,#979085
3274b0cdba99d19c.jpg,#6c6c68
3a493cfc6f065794.jpg,#e9e8e7
3a493cfc6f065794.jpg,#29211d
3a493cfc6f065794.jpg,#b0815c
3a493cfc6f065794.jpg,#906342
3a493cfc6f065794.jpg,#98938a
3a493cfc6f065794.jpg,#c59f82
3ab6d1b025e213fe.jpg,#231e1e
3ab6d1b025e213fe.jpg,#ebeae9
3ab6d1b025e213fe.jpg,#896041
3ab6d1b025e213fe.jpg,#b2855e
3ab6d1b025e213fe.jpg,#979389
3ab6d1b025e213fe.jpg,#cc9f7c
3d6996784fdd4098.jpg,#e2d3c6
3d6996784fdd4098.jpg,#27283c
3d6996784fdd4098.jpg,#7d5535
3d6996784fdd4098.jpg,#a66a48
3d6996784fdd4098.jpg,#9b9ca4
3d6996784fdd4098.jpg,#9493a4
3d80ae3218530140.jpg,#bfc1c4
3d80ae3218530140.jpg,#2d4356
3d80ae3218530140.jpg,#72524c
3d80ae3218530140.jpg,#8c6859
3d80ae3218530140.jpg,#a67d6f
3d80ae3218530140.jpg,#7289a0
3d81b9957787a584.jpg,#ebeae9
3d81b9957787a584.jpg,#262638
3d81b9957787a584.jpg,#845b3f
3d81b9957787a584.jpg,#b1835f
3d81b9957787a584.jpg,#93908b
3d81b9957787a584.jpg,#6c7484
4154f0d7b0d8759c.png,#b1b6b9
4154f0d7b0d8759c.png,#10212b
4154f0d7b0d8759c.png,#6d818e
4154f0d7b0d8759c.png,#684945
4154f0d7b0d8759c.png,#82634f
4154f0d7b0d8759c.png,#997165
491ddd05aca22953.jpg,#ececec
491ddd05aca22953.jpg,#2e293a
491ddd05aca22953.jpg,#8e8991
491ddd05aca22953.jpg,#746a73
491ddd05aca22953.jpg,#777473
491ddd05aca22953.jpg,#ada2aa
533acfd4fdbbd322.jpg,#c3c3c5
533acfd4fdbbd322.jpg,#081822
533acfd4fdbbd322.jpg,#6b4e49
533acfd4fdbbd322.jpg,#6e8089
533acfd4fdbbd322.jpg,#8f6859
533acfd4fdbbd322.jpg,#4c6c78
533cc6a2ee8b08ff.jpg,#ebebeb
533cc6a2ee8b08ff.jpg,#0f0c12
533cc6a2ee8b08ff.jpg,#919191
533cc6a2ee8b08ff.jpg,#6c6c6b
533cc6a2ee8b08ff.jpg,#747474
533cc6a2ee8b08ff.jpg,#7c7c74
544e68f3b0740d55.jpg,#e7eaef
544e68f3b0740d55.jpg,#485173
544e68f3b0740d55.jpg,#97a4be
544e68f3b0740d55.jpg,#767484
544e68f3b0740d55.jpg,#aeacc6
544e68f3b0740d55.jpg,#747c84
56374d0688548ad7.jpg,#eae6e4
56374d0688548ad7.jpg,#412a1a
56374d0688548ad7.jpg,#885d3c
56374d0688548ad7.jpg,#ba895e
56374d0688548ad7.jpg,#cda07a
56374d0688548ad7.jpg,#9d968a
5bb43557e8d57dc3.jpg,#28293a
5bb43557e8d57dc3.jpg,#eaeaea
5bb43557e8d57dc3.jpg,#855f43
5bb43557e8d57dc3.jpg,#94908b
5bb43557e8d57dc3.jpg,#a88160
5bb43557e8d57dc3.jpg,#c0a088
5bff98a21c10d84e.jpg,#ebebeb
5bff98a21c10d84e.jpg,#21233a
5bff98a21c10d84e.jpg,#8f909b
5bff98a21c10d84e.jpg,#747481
5bff98a21c10d84e.jpg,#6c747e
5bff98a21c10d84e.jpg,#7c7c7c
5c159ad3ece246e1.jpg,#ebeae9
5c159ad3ece246e1.jpg,#292937
5c159ad3ece246e1.jpg,#875f3f
5c159ad3ece246e1.jpg,#b68860
5c159ad3ece246e1.jpg,#95928c
5c159ad3ece246e1.jpg,#c9a07c
5c1e66be967967c9.jpg,#eae7e6
5c1e66be967967c9.jpg,#3c281a
5c1e66be967967c9.jpg,#885d3e
5c1e66be967967c9.jpg,#b3845e
5c1e66be967967c9.jpg,#c99e7e
5c1e66be967967c9.jpg,#9b9289
5d209c47bf9f1170.jpg,#dcd8d5
5d209c47bf9f1170.jpg,#28373e
5d209c47bf9f1170.jpg,#8a9599
5d209c47bf9f1170.jpg,#b89181
5d209c47bf9f1170.jpg,#7c5d55
5d209c47bf9f1170.jpg,#907260
5efc34a4b8450e2d.jpg,#ebe9e7
5efc34a4b8450e2d.jpg,#262639
5efc34a4b8450e2d.jpg,#8b5e3c
5efc34a4b8450e2d.jpg,#b6855d
5efc34a4b8450e2d.jpg,#97928b
5efc34a4b8450e2d.jpg,#6c748e
6567ba9c0892fa18.jpg,#231b18
6567ba9c0892fa18.jpg,#ebe7e3
6567ba9c0892fa18.jpg,#895e3c
6567ba9c0892fa18.jpg,#b8875e
6567ba9c0892fa18.jpg,#ce9f79
6567ba9c0892fa18.jpg,#9c9386
6a2b9b050731930d.jpg,#eae4df
6a2b9b050731930d.jpg,#2a2835
6a2b9b050731930d.jpg,#8a5f3d
6a2b9b050731930d.jpg,#b6865d
6a2b9b050731930d.jpg,#978d86
6a2b9b050731930d.jpg,#6b6c77
6b17ecc56a30ca59.jpg,#dbd8d5
6b17ecc56a30ca59.jpg,#10273b
6b17ecc56a30ca59.jpg,#8a9096
6b17ecc56a30ca59.jpg,#7c5d52
6b17ecc56a30ca59.jpg,#92725f
6b17ecc56a30ca59.jpg,#b8907c
6b81b629d8c27eac.jpg,#e9e8e7
6b81b629d8c27eac.jpg,#424059
6b81b629d8c27eac.jpg,#9a98ab
6b81b629d8c27eac.jpg,#7e7c96
6b81b629d8c27eac.jpg,#84848c
6b81b629d8c27eac.jpg,#b4acc4
6c70fb990fe5d27c.jpg,#c9c7c9
6c70fb990fe5d27c.jpg,#13222d
6c70fb990fe5d27c.jpg,#7a534e
6c70fb990fe5d27c.jpg,#ab7f70
6c70fb990fe5d27c.jpg,#7e8a99
6c70fb990fe5d27c.jpg,#8e675a
6c7409c84feadfc0.jpg,#ececec
6c7409c84feadfc0.jpg,#3e3d5d
6c7409c84feadfc0.jpg,#7f7c95
6c7409c84feadfc0.jpg,#8a8a9c
6c7409c84feadfc0.jpg,#9d9db6
6c7409c84feadfc0.jpg,#b4b4c4
6cffdbdf9f858c71.jpg,#e9e8e8
6cffdbdf9f858c71.jpg,#3e322a
6cffdbdf9f858c71.jpg,#8a5f40
6cffdbdf9f858c71.jpg,#ae7f5a
6cffdbdf9f858c71.jpg,#959aa8
6cffdbdf9f858c71.jpg,#ca9e7b
6eed29b07b7be9b6.jpg,#ebe9e7
6eed29b07b7be9b6.jpg,#261e1b
6eed29b07b7be9b6.jpg,#8c603e
6eed29b07b7be9b6.jpg,#b6865e
6eed29b07b7be9b6.jpg,#cc9f7a
6eed29b07b7be9b6.jpg,#979188
70d6c74630841ec8.jpg,#ebe6e2
70d6c74630841ec8.jpg,#231c1b
70d6c74630841ec8.jpg,#885e3d
70d6c74630841ec8.jpg,#b7865c
70d6c74630841ec8.jpg,#968d84
70d6c74630841ec8.jpg,#6c6c6a
790b36cb0a3dea2d.jpg,#ebebeb
790b36cb0a3dea2d.jpg,#22243b
790b36cb0a3dea2d.jpg,#91929e
790b36cb0a3dea2d.jpg,#747482
790b36cb0a3dea2d.jpg,#787c84
790b36cb0a3dea2d.jpg,#6c747c
7ce76e11ad4ea55b.jpg,#ebebeb
7ce76e11ad4ea55b.jpg,#24243b
7ce76e11ad4ea55b.jpg,#92919a
7ce76e11ad4ea55b.jpg,#73747d
7ce76e11ad4ea55b.jpg,#7e747c
7ce76e11ad4ea55b.jpg,#7c7c7c
8116f9b05ae5eebb.jpg,#0f0f0f
8116f9b05ae5eebb.jpg,#ebebeb
8116f9b05ae5eebb.jpg,#747474
8116f9b05ae5eebb.jpg,#939393
8116f9b05ae5eebb.jpg,#7c7c7c
8116f9b05ae5eebb.jpg,#acacac
81d4e2b3bc10a892.jpg,#eae9e8
81d4e2b3bc10a892.jpg,#392b1f
81d4e2b3bc10a892.jpg,#8e6142
81d4e2b3bc10a892.jpg,#b2825e
81d4e2b3bc10a892.jpg,#cb9e7d
81d4e2b3bc10a892.jpg,#99948d
82347a7a1f46f3f1.jpg,#ebe9e7
82347a7a1f46f3f1.jpg,#2b272f
82347a7a1f46f3f1.jpg,#8c5e3c
82347a7a1f46f3f1.jpg,#b5845c
82347a7a1f46f3f1.jpg,#cfa07a
82347a7a1f46f3f1.jpg,#979189
85564c8697369552.jpg,#25222c
85564c8697369552.jpg,#ebe6e2
85564c8697369552.jpg,#885e3c
85564c8697369552.jpg,#b8875e
85564c8697369552.jpg,#cfa079
85564c8697369552.jpg,#968c85
88a24f5dcfd445ee.jpg,#e6e4e3
88a24f5dcfd445ee.jpg,#3e3e57
88a24f5dcfd445ee.jpg,#9e9891
88a24f5dcfd445ee.jpg,#8e8677
88a24f5dcfd445ee.jpg,#acaca5
88a24f5dcfd445ee.jpg,#74748c
8af7930527c25754.jpg,#e9e9ea
8af7930527c25754.jpg,#312723
8af7930527c25754.jpg,#8b5d3f
8af7930527c25754.jpg,#b78560
8af7930527c25754.jpg,#949bae
8af7930527c25754.jpg,#cf9e7c
8b4b9a9969efbdb7.jpg,#e9eaee
8b4b9a9969efbdb7.jpg,#495281
8b4b9a9969efbdb7.jpg,#9eaecf
8b4b9a9969efbdb7.jpg,#7d84a4
8b4b9a9969efbdb7.jpg,#b4b4d3
8b4b9a9969efbdb7.jpg,#7c74a4
8b75ad8a6fc9f6bf.jpg,#d9cec8
8b75ad8a6fc9f6bf.jpg,#182e44
8b75ad8a6fc9f6bf.jpg,#81584c
8b75ad8a6fc9f6bf.jpg,#88919a
8b75ad8a6fc9f6bf.jpg,#9e745e
8b75ad8a6fc9f6bf.jpg,#64848c
90f7bdf9752817e1.jpg,#dfcab8
90f7bdf9752817e1.jpg,#161213
90f7bdf9752817e1.jpg,#9a6744
90f7bdf9752817e1.jpg,#724d34
90f7bdf9752817e1.jpg,#8c8c86
90f7bdf9752817e1.jpg,#888484
91aad9b769fcf8c2.jpg,#d2c1b8
91aad9b769fcf8c2.jpg,#0f2436
91aad9b769fcf8c2.jpg,#39537b
91aad9b769fcf8c2.jpg,#926052
91aad9b769fcf8c2.jpg,#6077a3
91aad9b769fcf8c2.jpg,#8295b0
91f3782f787f19e6.jpg,#ececec
91f3782f787f19e6.jpg,#252236
91f3782f787f19e6.jpg,#8d889b
91f3782f787f19e6.jpg,#746a81
91f3782f787f19e6.jpg,#ada4b6
91f3782f787f19e6.jpg,#77757c
92a60407802daa08.png,#d4c5c1
92a60407802daa08.png,#19232b
92a60407802daa08.png,#75514c
92a60407802daa08.png,#848387
92a60407802daa08.png,#b18373
92a60407802daa08.png,#936b58
981ea053626bad69.jpg,#e7e6e7
981ea053626bad69.jpg,#413026
981ea053626bad69.jpg,#865d3e
981ea053626bad69.jpg,#b6865e
981ea053626bad69.jpg,#949cb0
981ea053626bad69.jpg,#cd9f7a
985d2b89c2b09a6b.jpg,#ececed
985d2b89c2b09a6b.jpg,#2c4c57
985d2b89c2b09a6b.jpg,#8d9aa8
985d2b89c2b09a6b.jpg,#767083
985d2b89c2b09a6b.jpg,#aeabbb
985d2b89c2b09a6b.jpg,#747c7c
9bb6d2562b9e11aa.jpg,#ebe8e5
9bb6d2562b9e11aa.jpg,#252434
9bb6d2562b9e11aa.jpg,#865c3c
9bb6d2562b9e11aa.jpg,#b3845d
9bb6d2562b9e11aa.jpg,#938c89
9bb6d2562b9e11aa.jpg,#6c747c
9c2460000a6563e2.jpg,#242533
9c2460000a6563e2.jpg,#ebeae9
9c2460000a6563e2.jpg,#855d3c
9c2460000a6563e2.jpg,#b6885f
9c2460000a6563e2.jpg,#928e8b
9c2460000a6563e2.jpg,#cba07e
9d002a3ea20b7034.jpg,#22233a
9d002a3ea20b7034.jpg,#ebebeb
9d002a3ea20b7034.jpg,#8d8d98
9d002a3ea20b7034.jpg,#74747c
9d002a3ea20b7034.jpg,#746c80
9d002a3ea20b7034.jpg,#aca4b0
9e3a23ccc529e5b4.jpg,#ececec
9e3a23ccc529e5b4.jpg,#34313f
9e3a23ccc529e5b4.jpg,#9a979f
9e3a23ccc529e5b4.jpg,#7c7c82
9e3a23ccc529e5b4.jpg,#847f84
9e3a23ccc529e5b4.jpg,#b4b4b9
9f20b9e6f3a36d48.jpg,#ebe9e8
9f20b9e6f3a36d48.jpg,#2c2934
9f20b9e6f3a36d48.jpg,#8f6241
9f20b9e6f3a36d48.jpg,#b2825b
9f20b9e6f3a36d48.jpg,#cd9f7b
9f20b9e6f3a36d48.jpg,#96918a
9f6c0aaea6448505.jpg,#ebeae8
9f6c0aaea6448505.jpg,#262636
9f6c0aaea6448505.jpg,#895e3f
9f6c0aaea6448505.jpg,#b3835c
9f6c0aaea6448505.jpg,#8d8983
9f6c0aaea6448505.jpg,#6c7479
a47de45019858990.jpg,#29242d
a47de45019858990.jpg,#ebe6e2
a47de45019858990.jpg,#885c3a
a47de45019858990.jpg,#b6865d
a47de45019858990.jpg,#cea079
a47de45019858990.jpg,#968b84
a62feb588a2b6d1d.jpg,#dbc7b5
a62feb588a2b6d1d.jpg,#212335
a62feb588a2b6d1d.jpg,#745134
a62feb588a2b6d1d.jpg,#626677
a62feb588a2b6d1d.jpg,#8c94a2
a62feb588a2b6d1d.jpg,#878a9c
a9cbd0ffca5bef26.jpg,#d4c8c2
a9cbd0ffca5bef26.jpg,#0e2638
a9cbd0ffca5bef26.jpg,#78574f
a9cbd0ffca5bef26.jpg,#987460
a9cbd0ffca5bef26.jpg,#818995
a9cbd0ffca5bef26.jpg,#5c7ca8
aa634c72abf8cce3.jpg,#b6bbbf
aa634c72abf8cce3.jpg,#081822
aa634c72abf8cce3.jpg,#6f7c88
aa634c72abf8cce3.jpg,#6e4a48
aa634c72abf8cce3.jpg,#9f776e
aa634c72abf8cce3.jpg,#805f52
abeb708ffcb14d05.jpg,#eae8e7
abeb708ffcb14d05.jpg,#2f2d3b
abeb708ffcb14d05.jpg,#b4865d
abeb708ffcb14d05.jpg,#8c6240
abeb708ffcb14d05.jpg,#cea07a
abeb708ffcb14d05.jpg,#989185
b099c482aca73962.jpg,#071721
b099c482aca73962.jpg,#c4c3c5
b099c482aca73962.jpg,#754e4a
b099c482aca73962.jpg,#73818c
b099c482aca73962.jpg,#ad8072
b099c482aca73962.jpg,#926959
b0fbfbfd6d6c6d90.jpg,#ececec
b0fbfbfd6d6c6d90.jpg,#373a46
b0fbfbfd6d6c6d90.jpg,#94989e
b0fbfbfd6d6c6d90.jpg,#74747f
b0fbfbfd6d6c6d90.jpg,#7c8084
b0fbfbfd6d6c6d90.jpg,#acaaa8
b4d6f258f6236219.jpg,#e8e4e2
b4d6f258f6236219.jpg,#402a1b
b4d6f258f6236219.jpg,#895f3f
b4d6f258f6236219.jpg,#b3855e
b4d6f258f6236219.jpg,#9c968d
b4d6f258f6236219.jpg,#c5a082
b63cd636821087d0.jpg,#ebebeb
b63cd636821087d0.jpg,#1f223b
b63cd636821087d0.jpg,#8c8d9a
b63cd636821087d0.jpg,#74747c
b63cd636821087d0.jpg,#6c7484
b63cd636821087d0.jpg,#746c78
bbfb0d7cf00c7698.jpg,#191e35
bbfb0d7cf00c7698.jpg,#ebebeb
bbfb0d7cf00c7698.jpg,#8c8c95
bbfb0d7cf00c7698.jpg,#746c74
bbfb0d7cf00c7698.jpg,#747474
bbfb0d7cf00c7698.jpg,#aca4ad
bc20b988d30f0991.jpg,#212339
bc20b988d30f0991.jpg,#ebebeb
bc20b988d30f0991.jpg,#8d8e98
bc20b988d30f0991.jpg,#746c7c
bc20b988d30f0991.jpg,#747474
bc20b988d30f0991.jpg,#aca4b4
c1d016b306c95fe9.png,#0c2232
c1d016b306c95fe9.png,#dcd4cf
c1d016b306c95fe9.png,#7f5a4f
c1d016b306c95fe9.png,#98735f
c1d016b306c95fe9.png,#b38b78
c1d016b306c95fe9.png,#8e807f
c62087895b8cab47.png,#b7bbc0
c62087895b8cab47.png,#2d434f
c62087895b8cab47.png,#6f828d
c62087895b8cab47.png,#6b4c48
c62087895b8cab47.png,#9c776a
c62087895b8cab47.png,#7f5f51
c862d6c7b5dc7660.jpg,#ececec
c862d6c7b5dc7660.jpg,#332e42
c862d6c7b5dc7660.jpg,#8e8893
c862d6c7b5dc7660.jpg,#766979
c862d6c7b5dc7660.jpg,#aea1b0
c862d6c7b5dc7660.jpg,#747474
c8afcb296675942f.png,#040404
c8afcb296675942f.png,#080404
c8afcb296675942f.png,#080404
c8afcb296675942f.png,#080404
c8afcb296675942f.png,#080404
c8afcb296675942f.png,#080404
ca38868d4eb484ab.jpg,#0e2232
ca38868d4eb484ab.jpg,#ddd6d1
ca38868d4eb484ab.jpg,#7f5a4f
ca38868d4eb484ab.jpg,#b68f7c
ca38868d4eb484ab.jpg,#98735f
ca38868d4eb484ab.jpg,#8d807f
cab41465157e0827.jpg,#221c1c
cab41465157e0827.jpg,#ebeae9
cab41465157e0827.jpg,#885d3d
cab41465157e0827.jpg,#b5855d
cab41465157e0827.jpg,#cd9f7b
cab41465157e0827.jpg,#959089
cb849938ddd69072.jpg,#dcd5d1
cb849938ddd69072.jpg,#11273a
cb849938ddd69072.jpg,#7e5b4f
cb849938ddd69072.jpg,#99735f
cb849938ddd69072.jpg,#8b8285
cb849938ddd69072.jpg,#6384af
ce56d24a66dcde24.jpg,#d9c0ae
ce56d24a66dcde24.jpg,#1c2033
ce56d24a66dcde24.jpg,#754d34
ce56d24a66dcde24.jpg,#70727c
ce56d24a66dcde24.jpg,#8c9498
ce56d24a66dcde24.jpg,#8c8c9c
d25dd7648e4e690c.jpg,#beb9ba
d25dd7648e4e690c.jpg,#0f1c24
d25dd7648e4e690c.jpg,#6a4b44
d25dd7648e4e690c.jpg,#9d786c
d25dd7648e4e690c.jpg,#826051
d25dd7648e4e690c.jpg,#7a7577
d728fce66353ae0b.jpg,#ebebeb
d728fce66353ae0b.jpg,#1d2035
d728fce66353ae0b.jpg,#8e8f9b
d728fce66353ae0b.jpg,#74747c
d728fce66353ae0b.jpg,#6c7480
d728fce66353ae0b.jpg,#746c80
d8c4f1fc01064d0c.jpg,#eae6e3
d8c4f1fc01064d0c.jpg,#252334
d8c4f1fc01064d0c.jpg,#8b6142
d8c4f1fc01064d0c.jpg,#b1845e
d8c4f1fc01064d0c.jpg,#948b85
d8c4f1fc01064d0c.jpg,#6c7484
dc49a1564316e43b.jpg,#ebebeb
dc49a1564316e43b.jpg,#24253c
dc49a1564316e43b.jpg,#8f8e99
dc49a1564316e43b.jpg,#74747c
dc49a1564316e43b.jpg,#746c79
dc49a1564316e43b.jpg,#6c747c
e3900bb1c29f8218.png,#b4b9bd
e3900bb1c29f8218.png,#061721
e3900bb1c29f8218.png,#6c7e8b
e3900bb1c29f8218.png,#6a4947
e3900bb1c29f8218.png,#9c7268
e3900bb1c29f8218.png,#816151
ebdfe04436454fd6.jpg,#28293a
ebdfe04436454fd6.jpg,#ebeaea
ebdfe04436454fd6.jpg,#865d3f
ebdfe04436454fd6.jpg,#b3845e
ebdfe04436454fd6.jpg,#8f8d8d
ebdfe04436454fd6.jpg,#cc9e81
ec84accbf0b94cdf.jpg,#ebebeb
ec84accbf0b94cdf.jpg,#131317
ec84accbf0b94cdf.jpg,#8b8b8d
ec84accbf0b94cdf.jpg,#6c6c6e
ec84accbf0b94cdf.jpg,#747474
ec84accbf0b94cdf.jpg,#746c74
ed6ba8810bafc803.jpg,#222230
ed6ba8810bafc803.jpg,#ebe9e8
ed6ba8810bafc803.jpg,#865c3c
ed6ba8810bafc803.jpg,#b4855e
ed6ba8810bafc803.jpg,#cd9f7a
ed6ba8810bafc803.jpg,#91908f
f74df1779ebcd19b.jpg,#dad2cc
f74df1779ebcd19b.jpg,#112534
f74df1779ebcd19b.jpg,#b48d78
f74df1779ebcd19b.jpg,#9e755f
f74df1779ebcd19b.jpg,#825b51
f74df1779ebcd19b.jpg,#8b8e92
f8a3b2a2df45ad0e.jpg,#1c1c2f
f8a3b2a2df45ad0e.jpg,#ebebeb
f8a3b2a2df45ad0e.jpg,#8f8a92
f8a3b2a2df45ad0e.jpg,#766a72
f8a3b2a2df45ad0e.jpg,#aea1a8
f8a3b2a2df45ad0e.jpg,#7a7474
f8a8030cc4b491fd.jpg,#bebec1
f8a8030cc4b491fd.jpg,#32363d
f8a8030cc4b491fd.jpg,#6b4b48
f8a8030cc4b491fd.jpg,#9f776b
f8a8030cc4b491fd.jpg,#747882
f8a8030cc4b491fd.jpg,#826051
f91ca00402a826ba.jpg,#ebe9e7
f91ca00402a826ba.jpg,#3b2b1d
f91ca00402a826ba.jpg,#8c5f3e
f91ca00402a826ba.jpg,#b6865d
f91ca00402a826ba.jpg,#cea07b
f91ca00402a826ba.jpg,#989289
fc3a4c4631e91d9c.jpg,#0c0a0d
fc3a4c4631e91d9c.jpg,#ebebeb
fc3a4c4631e91d9c.jpg,#8f8f8f
fc3a4c4631e91d9c.jpg,#747474
fc3a4c4631e91d9c.jpg,#746c71
fc3a4c4631e91d9c.jpg,#aca4ac
ff75db1c4da72877.jpg,#201b1b
ff75db1c4da72877.jpg,#ebeaea
ff75db1c4da72877.jpg,#855c40
ff75db1c4da72877.jpg,#ac815e
ff75db1c4da72877.jpg,#949189
ff75db1c4da72877.jpg,#c79e83
